Date,Open,High,Low,Close,Adj Close,Volume
2022-06-26,110.3,111.1,108.9,109.7,99.51076965332031,35668614.6
2022-07-03,110.6,111.3,109.2,109.8,99.60147857666016,38763965.6
2022-07-10,102.0,103.2,100.6,101.7,97.01295471191406,47234144.8
2022-07-17,102.5,103.7,101.93999938964843,102.8,98.06225891113282,29388446.0
2022-07-24,104.6,105.5,103.8,104.8,99.97008514404297,24871849.6
2022-07-31,108.1,108.9,107.3,108.2,103.21339111328125,27220811.8
2022-08-07,108.1,108.6,107.2,108.3,103.30878143310547,29901669.6
2022-08-14,109.7,111.0,108.8,110.5,105.40739135742187,43025382.0
2022-08-21,112.0,112.4,111.0,111.7,106.55208435058594,26393246.8
2022-08-28,110.1,110.7,109.5,109.9,104.83504180908203,16754481.8
2022-09-04,108.2,108.8,107.5,108.1,103.11800079345703,26423573.0
2022-09-11,107.75,108.0,106.75,107.375,102.42641258239746,21027286.5
2022-09-18,108.0,108.9,107.5,108.3,103.30878295898438,26359775.4
2022-09-25,107.4,108.0,106.4,107.2,102.25947723388671,21597361.2
2022-10-02,102.9,103.8,101.6,102.3,97.585302734375,35759486.4
2022-10-09,104.8,105.8,104.1,105.1,100.25626068115234,27898541.0
2022-10-16,104.25,105.0,103.375,103.875,99.08771514892578,32421990.0
2022-10-23,103.8,104.7,102.6,103.5,98.72999725341796,40486295.0
2022-10-30,104.2,104.4,102.8,103.7,98.9207809448242,29498680.4
2022-11-06,101.1,101.9,100.6,101.5,96.82217254638672,41277664.6
2022-11-13,100.6,101.6,100.06000061035157,100.6,95.96365203857422,47658487.6
2022-11-20,101.1,102.2,100.6,101.3,96.63139190673829,45949307.0
2022-11-27,100.6,101.1,100.1,100.5,95.86826171875,33401718.4
2022-12-04,101.1,102.3,100.75999908447265,101.8,97.1083480834961,59469970.6
2022-12-11,103.5,104.2,102.7,102.8,98.06225891113282,41690021.6
2022-12-18,101.5,102.2,100.9,101.5,96.82217254638672,35016493.8
2022-12-25,100.7,101.3,100.2,100.7,96.05904235839844,27678461.0
2023-01-01,100.6,100.8,100.06000061035157,100.31999969482422,95.6965560913086,19104434.4
2023-01-08,98.57500076293945,99.07500076293945,98.07500076293945,98.39999961853027,93.86504173278809,35968161.5
2023-01-15,99.3,99.64000091552734,98.85999908447266,98.95999908447266,94.39923400878907,21776841.6
2023-01-22,98.39999771118164,98.8499984741211,98.0999984741211,98.0999984741211,93.57886505126952,27350432.5
2023-01-29,,,,,,
2023-02-05,99.78000030517578,100.63999938964844,99.1,99.47999877929688,94.89526672363282,58597161.0
2023-02-12,101.0,101.7,100.4,101.0,96.34521789550782,32076619.4
2023-02-19,102.2,102.7,101.8,102.5,97.77608337402344,28185998.8
2023-02-26,102.6,103.2,101.9,102.3,97.585302734375,26481753.6
2023-03-05,102.0,103.33333333333333,101.33333333333333,102.33333333333333,97.61709849039714,33922445.333333336
2023-03-12,103.4,104.4,102.7,103.4,98.63460540771484,46121432.0
2023-03-19,102.4,103.3,101.9,102.6,97.87147521972656,32682375.2
2023-03-26,103.5,104.6,103.1,103.7,98.92077941894532,32865370.6
2023-04-02,104.1,104.6,103.4,103.7,98.92078094482422,23014958.2
2023-04-09,104.25,104.75,103.0,103.25,98.49151992797852,25306031.5
2023-04-16,103.3,103.9,102.8,103.3,98.53921661376953,22025528.2
2023-04-23,104.3,104.7,103.6,104.2,99.39773864746094,20493428.4
2023-04-30,103.6,104.3,103.2,103.6,98.8253890991211,23053297.8
2023-05-07,105.125,105.75,104.625,105.375,100.51858520507812,25512484.25
2023-05-14,105.4,106.2,104.5,105.1,100.25625762939453,32107444.6
2023-05-21,102.6,103.1,102.1,102.5,97.77608489990234,33862006.8
2023-05-28,102.6,103.1,102.4,102.7,97.9668685913086,23230755.8
2023-06-04,106.5,107.7,105.6,107.0,102.06869354248047,64935808.0
2023-06-11,107.7,108.0,106.8,107.5,102.54565124511718,23367870.0
2023-06-18,111.1,112.7,110.4,111.6,106.45669403076172,57016820.8
2023-06-25,112.33333333333333,113.16666666666667,111.5,112.66666666666667,107.47420247395833,29850214.666666668
2023-07-02,114.6,115.5,113.1,114.1,108.84147796630859,59858673.0
2023-07-09,109.7,110.3,108.0,108.9,107.83999938964844,63462547.6
2023-07-16,106.3,107.5,105.5,106.7,106.7,31752452.2
2023-07-23,109.9,111.3,108.3,109.3,109.3,41192429.8
2023-07-30,110.2,111.4,109.3,110.3,110.3,32767587.6
2023-08-06,109.75,110.875,108.625,109.5,109.5,31721468.25
2023-08-13,110.8,111.3,109.4,109.8,109.8,27927898.2
2023-08-20,107.2,108.0,106.4,107.0,107.0,35850038.8
2023-08-27,107.4,108.2,106.8,107.3,107.3,22431549.4
2023-09-03,107.1,107.8,106.2,106.8,106.8,34452365.4
2023-09-10,106.4,106.8,105.6,106.2,106.2,15629725.2
2023-09-17,106.4,107.0,105.6,106.2,106.2,23419027.0
2023-09-24,106.0,106.6,105.6,105.8,105.8,17729888.4
2023-10-01,104.75,105.125,103.875,104.375,104.375,20895242.0
2023-10-08,103.8,104.6,103.5,104.1,104.1,20669204.2
2023-10-15,106.66666666666667,107.0,105.83333333333333,106.83333333333333,106.83333333333333,27684983.333333332
2023-10-22,105.7,106.4,104.8,105.2,105.2,25698634.0
2023-10-29,99.38000183105467,99.78000030517578,98.36000061035156,98.9,98.9,60873991.6
2023-11-05,96.36000061035156,97.1,95.17999877929688,95.88000030517578,95.88000030517578,57013173.2
2023-11-12,96.71999969482422,97.66000061035156,96.33999938964844,96.91999969482421,96.91999969482421,26518904.8
2023-11-19,99.84000091552734,101.18000030517578,99.4,100.33999938964844,100.33999938964844,38705655.8
2023-11-26,102.4,102.9,101.2,101.7,101.7,27742515.2
2023-12-03,102.0,102.6,101.3,101.6,101.6,29625356.8
2023-12-10,101.1,101.8,100.7,101.1,101.1,16397344.2
2023-12-17,101.2,101.8,100.7,101.3,101.3,26691854.8
2023-12-24,102.5,103.3,102.1,103.2,103.2,34699094.2
2023-12-31,103.8,104.2,103.2,103.9,103.9,17823723.8
2024-01-07,104.375,104.875,104.0,104.375,104.375,16929229.5
2024-01-14,101.3,102.3,100.43999938964843,100.7,100.7,29273020.4
2024-01-21,99.92000122070313,100.6,99.34000091552734,99.8,99.8,26097824.4
2024-01-28,100.9,101.9,100.56000061035157,101.18000030517578,101.18000030517578,21003949.4
2024-02-04,102.4,102.9,101.8,102.4,102.4,16679792.4
2024-02-11,101.5,102.0,101.0,101.5,101.5,17438135.0
2024-02-18,101.25,101.75,100.75,101.25,101.25,30284663.5
2024-02-25,103.1,103.9,102.6,103.2,103.2,23936317.6
2024-03-03,103.25,103.875,102.75,103.0,103.0,28773841.75
2024-03-10,106.2,108.0,105.2,106.4,106.4,67649532.2
2024-03-17,117.4,121.7,115.7,120.4,120.4,283913192.2
2024-03-24,137.5,141.7,135.6,139.6,139.6,207104535.6
2024-03-31,148.7,151.8,145.1,148.6,148.6,158362596.2
2024-04-07,153.0,157.66666666666666,152.0,156.16666666666666,156.16666666666666,132478016.33333333
2024-04-14,156.1,157.7,152.3,154.2,154.2,119343372.2
2024-04-21,144.9,147.3,141.5,144.9,144.9,119984138.6
2024-04-28,148.8,152.3,147.3,149.9,149.9,107614719.0
2024-05-05,156.875,159.0,155.0,156.125,156.125,76150473.75
2024-05-12,168.1,171.6,166.4,169.3,169.3,115107395.8
2024-05-19,171.4,174.8,168.0,170.7,170.7,119149726.4
2024-05-26,169.5,171.9,167.6,170.3,170.3,65669429.4
2024-06-02,180.8,183.1,178.1,179.9,179.9,96571853.0
2024-06-09,176.4,179.4,173.4,175.6,175.6,97001804.8
2024-06-16,186.625,190.75,184.75,189.5,189.5,119599331.25
2024-06-23,197.5,200.0,195.0,200.0,200.0,90030798.0
